question_id,version,exam_tracks,syllabus_part,review_status,source_type,source_reference,transformation_notes,rights_basis,answer_source,verified_date,reviewer,approved_for_publication,decision_notes
PX-01E118B96A39482D,1,eaqe|sqe,3,未審核,,,,,,,,否（待審）,
PX-0239CACD8DBF4162,1,eaqe|sqe,5,未審核,,,,,,,,否（待審）,
PX-025C563D772F4AAC,1,eaqe|sqe,4,未審核,,,,,,,,否（待審）,
PX-02F74F3E286E4972,1,eaqe|sqe,7,未審核,,,,,,,,否（待審）,
PX-0349AB7D55FC4CBE,2,eaqe|sqe,4,未審核,,,,,,,,否（待審）,
PX-03907E3937964CC9,1,eaqe,6,未審核,,,,,,,,否（待審）,
PX-03A31C5D98644A44,1,eaqe|sqe,3,未審核,,,,,,,,否（待審）,
PX-03CFBC0933244D3C,1,eaqe|sqe,3,未審核,,,,,,,,否（待審）,
PX-04465F0867604CD0,1,eaqe|sqe,2,未審核,,,,,,,,否（待審）,
PX-04723B5577634A69,1,eaqe|sqe,5,未審核,,,,,,,,否（待審）,
PX-070B810F2AF34733,2,eaqe|sqe,3,未審核,,,,,,,,否（待審）,
PX-075DF23006C94C0B,2,eaqe|sqe,3,未審核,,,,,,,,否（待審）,
PX-07B5509FDC3C4F90,1,eaqe|sqe,2,未審核,,,,,,,,否（待審）,
PX-09559097235A4F74,1,eaqe|sqe,3,未審核,,,,,,,,否（待審）,
PX-0999144DA3EC418B,1,eaqe|sqe,5,未審核,,,,,,,,否（待審）,
PX-09B8FC15B8E64906,1,eaqe|sqe,2,未審核,,,,,,,,否（待審）,
PX-0A2E40DA09B042A5,1,eaqe,8,未審核,,,,,,,,否（待審）,
PX-0AB1156F17A3433B,1,eaqe|sqe,4,未審核,,,,,,,,否（待審）,
PX-0B36D247E5C94D5B,1,eaqe|sqe,3,未審核,,,,,,,,否（待審）,
PX-0B7694B08E694B7B,1,eaqe|sqe,5,未審核,,,,,,,,否（待審）,
PX-0C185386FFF44A24,1,eaqe,6,未審核,,,,,,,,否（待審）,
PX-0C3064C6B20E4697,1,eaqe|sqe,3,未審核,,,,,,,,否（待審）,
PX-0C44CF54F90E4247,1,eaqe|sqe,2,未審核,,,,,,,,否（待審）,
PX-0C6A52293CFF40CF,1,eaqe,6,未審核,,,,,,,,否（待審）,
PX-0C7C7CF347564C12,2,eaqe|sqe,1,未審核,,,,,,,,否（待審）,
PX-0D25BD7BFE174EBC,1,eaqe|sqe,2,未審核,,,,,,,,否（待審）,
PX-0D4465760A2D450A,2,eaqe|sqe,7,未審核,,,,,,,,否（待審）,
PX-0D6ACC8CA69B4173,1,eaqe|sqe,7,未審核,,,,,,,,否（待審）,
PX-0EA8CF35D9EE4694,1,eaqe|sqe,2,未審核,,,,,,,,否（待審）,
PX-0EBC07A0179D4633,1,eaqe|sqe,3,未審核,,,,,,,,否（待審）,
PX-0F0C88CB730B4D72,1,eaqe,8,未審核,,,,,,,,否（待審）,
PX-0F3FD41A8B6A4033,1,eaqe|sqe,3,未審核,,,,,,,,否（待審）,
PX-107B6E5F75AF4621,1,eaqe|sqe,3,未審核,,,,,,,,否（待審）,
PX-107C78B6B55F499D,1,eaqe|sqe,2,未審核,,,,,,,,否（待審）,
PX-117A73A024264DBE,1,eaqe|sqe,3,未審核,,,,,,,,否（待審）,
PX-131F472AECDC47BF,1,eaqe|sqe,5,未審核,,,,,,,,否（待審）,
PX-13EB514F0D484242,1,eaqe|sqe,2,未審核,,,,,,,,否（待審）,
PX-13F09C76031A451F,1,eaqe|sqe,2,未審核,,,,,,,,否（待審）,
PX-151FE60D5B6346B1,1,eaqe|sqe,1,未審核,,,,,,,,否（待審）,
PX-1660A61E80FA4D2E,1,eaqe|sqe,2,未審核,,,,,,,,否（待審）,
PX-168A63D93EC6407C,1,eaqe|sqe,2,未審核,,,,,,,,否（待審）,
PX-16A59D3F50CA4212,1,eaqe|sqe,4,未審核,,,,,,,,否（待審）,
PX-17D2D98A2EFA4A02,1,eaqe|sqe,2,未審核,,,,,,,,否（待審）,
PX-182C501B37CF4A04,1,eaqe|sqe,2,未審核,,,,,,,,否（待審）,
PX-1C045F1449224369,1,eaqe|sqe,7,未審核,,,,,,,,否（待審）,
PX-1C2283E43BCB45D8,2,eaqe,8,未審核,,,,,,,,否（待審）,
PX-1C346897B52145C7,2,eaqe|sqe,2,未審核,,,,,,,,否（待審）,
PX-1D0B73B398EA4B8B,1,eaqe|sqe,3,未審核,,,,,,,,否（待審）,
PX-1D5134CB03134B9A,1,eaqe|sqe,3,未審核,,,,,,,,否（待審）,
PX-1D84477F086040CE,1,eaqe|sqe,3,未審核,,,,,,,,否（待審）,
PX-1E2627F9942A4526,1,eaqe|sqe,2,未審核,,,,,,,,否（待審）,
PX-1FA1CC0231EB484E,1,eaqe|sqe,7,未審核,,,,,,,,否（待審）,
PX-1FADDCA6BF444E06,1,eaqe|sqe,4,未審核,,,,,,,,否（待審）,
PX-206CF3C77E4E4F20,1,eaqe|sqe,2,未審核,,,,,,,,否（待審）,
PX-2094CA26D2334887,1,eaqe|sqe,2,未審核,,,,,,,,否（待審）,
PX-20B42E4AC5E84981,1,eaqe|sqe,2,未審核,,,,,,,,否（待審）,
PX-21428618AAAB46BF,1,eaqe|sqe,3,未審核,,,,,,,,否（待審）,
PX-2211AABBF27E4150,1,eaqe|sqe,3,未審核,,,,,,,,否（待審）,
PX-23126194470C446E,1,eaqe|sqe,2,未審核,,,,,,,,否（待審）,
PX-234B0858CE1B4E46,1,eaqe|sqe,4,未審核,,,,,,,,否（待審）,
PX-2377E75EFAB04232,1,eaqe|sqe,2,未審核,,,,,,,,否（待審）,
PX-23BC60971E8C4088,1,eaqe|sqe,2,未審核,,,,,,,,否（待審）,
PX-247B3DD4561743D8,1,eaqe|sqe,4,未審核,,,,,,,,否（待審）,
PX-24F3AB2BA96A4F54,1,eaqe|sqe,3,未審核,,,,,,,,否（待審）,
PX-250675A9AF6C4CD9,1,eaqe,8,未審核,,,,,,,,否（待審）,
PX-26130254920C4EC3,1,eaqe|sqe,2,未審核,,,,,,,,否（待審）,
PX-262CDE90C55A44F1,1,eaqe|sqe,1,未審核,,,,,,,,否（待審）,
PX-2763A8B1269E46C4,1,eaqe|sqe,3,未審核,,,,,,,,否（待審）,
PX-27694A995FB7448C,1,eaqe|sqe,3,未審核,,,,,,,,否（待審）,
PX-27DA67603C3A4BC5,1,eaqe|sqe,2,未審核,,,,,,,,否（待審）,
PX-2866D29EFEE24AC8,1,eaqe|sqe,3,未審核,,,,,,,,否（待審）,
PX-287D3F7DEA464267,1,eaqe,8,未審核,,,,,,,,否（待審）,
PX-288DB77E62E14D93,1,eaqe|sqe,3,未審核,,,,,,,,否（待審）,
PX-28AEB6ABB36F457D,2,eaqe|sqe,2,未審核,,,,,,,,否（待審）,
PX-28E37BD98F7B4400,1,eaqe|sqe,2,未審核,,,,,,,,否（待審）,
PX-28EF8948AE6D4231,1,eaqe,8,未審核,,,,,,,,否（待審）,
PX-2923A11FD2A94D12,1,eaqe|sqe,4,未審核,,,,,,,,否（待審）,
PX-292DE002901A4F12,1,eaqe|sqe,2,未審核,,,,,,,,否（待審）,
PX-2994EE65EF4F4DD0,2,eaqe,8,未審核,,,,,,,,否（待審）,
PX-2A7CC4E950D14B19,1,eaqe|sqe,7,未審核,,,,,,,,否（待審）,
PX-2BABC7515C9D4449,2,eaqe,8,未審核,,,,,,,,否（待審）,
PX-2C4EE142A3404F54,1,eaqe|sqe,3,未審核,,,,,,,,否（待審）,
PX-2CDD13E75D1141AE,1,eaqe|sqe,2,未審核,,,,,,,,否（待審）,
PX-2D3CDAE7F27F4627,1,eaqe|sqe,5,未審核,,,,,,,,否（待審）,
PX-2E5B5EBDEB114CB4,1,eaqe|sqe,2,未審核,,,,,,,,否（待審）,
PX-2E8C77AC728D4903,1,eaqe|sqe,2,未審核,,,,,,,,否（待審）,
PX-2FBD5724BE7048E0,2,eaqe|sqe,3,未審核,,,,,,,,否（待審）,
PX-2FCC42E628B04F8E,1,eaqe|sqe,2,未審核,,,,,,,,否（待審）,
PX-2FFE9929F47E4826,1,eaqe|sqe,3,未審核,,,,,,,,否（待審）,
PX-316032F959304C63,2,eaqe|sqe,2,未審核,,,,,,,,否（待審）,
PX-31EC95C97589486E,1,eaqe|sqe,3,未審核,,,,,,,,否（待審）,
PX-321F49C5DF864FF7,1,eaqe|sqe,3,未審核,,,,,,,,否（待審）,
PX-32A824A367BA4D96,1,eaqe|sqe,3,未審核,,,,,,,,否（待審）,
PX-3386481D74AA459C,1,eaqe|sqe,4,未審核,,,,,,,,否（待審）,
PX-338EC52CF2714A53,2,eaqe|sqe,3,未審核,,,,,,,,否（待審）,
PX-34473490B4644AEA,2,eaqe|sqe,2,未審核,,,,,,,,否（待審）,
PX-3478CE0DED034757,1,eaqe|sqe,3,未審核,,,,,,,,否（待審）,
PX-348AF0ED6A6341BC,1,eaqe|sqe,3,未審核,,,,,,,,否（待審）,
PX-3579E4D2C4BD479C,1,eaqe|sqe,5,未審核,,,,,,,,否（待審）,
PX-35E250390B3445DA,1,eaqe|sqe,2,未審核,,,,,,,,否（待審）,
PX-361BF32A42454B71,1,eaqe|sqe,5,未審核,,,,,,,,否（待審）,
PX-36289207664242B8,1,eaqe|sqe,2,未審核,,,,,,,,否（待審）,
PX-3636E82458B446CB,1,eaqe|sqe,2,未審核,,,,,,,,否（待審）,
PX-367FA150F5AA4C75,1,eaqe|sqe,2,未審核,,,,,,,,否（待審）,
PX-3768191F93544258,1,eaqe|sqe,4,未審核,,,,,,,,否（待審）,
PX-378DDF34BB764F69,1,eaqe|sqe,3,未審核,,,,,,,,否（待審）,
PX-37BA210550DB495D,1,eaqe|sqe,4,未審核,,,,,,,,否（待審）,
PX-38110B3D49EC400E,1,eaqe|sqe,7,未審核,,,,,,,,否（待審）,
PX-384D50E41FC24EA9,1,eaqe|sqe,2,未審核,,,,,,,,否（待審）,
PX-391B3C38121649C8,2,eaqe,8,未審核,,,,,,,,否（待審）,
PX-3945FBDB5B15407C,1,eaqe|sqe,4,未審核,,,,,,,,否（待審）,
PX-39AC60467AA6462A,1,eaqe|sqe,4,未審核,,,,,,,,否（待審）,
PX-3A24C53227AA4354,1,eaqe,6,未審核,,,,,,,,否（待審）,
PX-3A27AEA3F04944A9,1,eaqe|sqe,4,未審核,,,,,,,,否（待審）,
PX-3AB5157B72684789,1,eaqe,8,未審核,,,,,,,,否（待審）,
PX-3AEABABA3A8248C3,1,eaqe|sqe,2,未審核,,,,,,,,否（待審）,
PX-3B111F20395C4FB1,2,eaqe|sqe,2,未審核,,,,,,,,否（待審）,
PX-3BDAC1982079406A,1,eaqe|sqe,2,未審核,,,,,,,,否（待審）,
PX-3D178A06554D488C,1,eaqe|sqe,3,未審核,,,,,,,,否（待審）,
PX-3D750069E83B4B88,1,eaqe|sqe,3,未審核,,,,,,,,否（待審）,
PX-3D8AFD398BF54AF4,2,eaqe|sqe,7,未審核,,,,,,,,否（待審）,
PX-3E4A215740A2443F,2,eaqe|sqe,1,未審核,,,,,,,,否（待審）,
PX-3E94B516F63A48ED,1,eaqe|sqe,2,未審核,,,,,,,,否（待審）,
PX-3EEBC28FEBDF4AA2,1,eaqe|sqe,2,未審核,,,,,,,,否（待審）,
PX-3F09BA69DBD64452,1,eaqe|sqe,3,未審核,,,,,,,,否（待審）,
PX-3F1C0EB8CB324AB0,1,eaqe|sqe,3,未審核,,,,,,,,否（待審）,
PX-3F5C271B2D6D46E3,1,eaqe|sqe,3,未審核,,,,,,,,否（待審）,
PX-4061A972CB64469C,1,eaqe|sqe,4,未審核,,,,,,,,否（待審）,
PX-40C87EFF48E1478F,2,eaqe|sqe,4,未審核,,,,,,,,否（待審）,
PX-4103220DA2384E09,1,eaqe|sqe,1,未審核,,,,,,,,否（待審）,
PX-41259436E56B402C,1,eaqe|sqe,2,未審核,,,,,,,,否（待審）,
PX-41738A9DA84B4DEE,1,eaqe|sqe,3,未審核,,,,,,,,否（待審）,
PX-41A241AF8AE54F42,1,eaqe|sqe,2,未審核,,,,,,,,否（待審）,
PX-422D0CF1C3294079,1,eaqe|sqe,7,未審核,,,,,,,,否（待審）,
PX-42CFB1E7BC254DDC,1,eaqe|sqe,3,未審核,,,,,,,,否（待審）,
PX-42FC2FA5B8BC4321,2,eaqe|sqe,2,未審核,,,,,,,,否（待審）,
PX-43D99F27ACE34787,1,eaqe|sqe,3,未審核,,,,,,,,否（待審）,
PX-44410CB6C8BC4B2C,1,eaqe|sqe,4,未審核,,,,,,,,否（待審）,
PX-444C8695D243420C,1,eaqe|sqe,2,未審核,,,,,,,,否（待審）,
PX-44DA0A760FF6487B,1,eaqe|sqe,2,未審核,,,,,,,,否（待審）,
PX-454FA2E7AAC84BC7,1,eaqe|sqe,4,未審核,,,,,,,,否（待審）,
PX-45F4519B9E164F63,1,eaqe|sqe,4,未審核,,,,,,,,否（待審）,
PX-4681E065F00A43D3,1,eaqe|sqe,4,未審核,,,,,,,,否（待審）,
PX-48F9BAB90E144670,1,eaqe|sqe,2,未審核,,,,,,,,否（待審）,
PX-4907F53E3FEB4A0A,1,eaqe|sqe,2,未審核,,,,,,,,否（待審）,
PX-4B82F470A209406A,2,eaqe,8,未審核,,,,,,,,否（待審）,
PX-4B87D81A35984B64,1,eaqe|sqe,5,未審核,,,,,,,,否（待審）,
PX-4C00F9088E004567,2,eaqe|sqe,3,未審核,,,,,,,,否（待審）,
PX-4C8914228EFE420F,1,eaqe|sqe,2,未審核,,,,,,,,否（待審）,
PX-4C977C8E412F4FC4,2,eaqe|sqe,2,未審核,,,,,,,,否（待審）,
PX-4CB0113BD4A9433D,1,eaqe|sqe,5,未審核,,,,,,,,否（待審）,
PX-4DDA3D18E0624459,1,eaqe|sqe,7,未審核,,,,,,,,否（待審）,
PX-4E12C64E31D04947,1,eaqe|sqe,7,未審核,,,,,,,,否（待審）,
PX-4E1E2DA64349487F,1,eaqe|sqe,7,未審核,,,,,,,,否（待審）,
PX-4E25357AB51E4571,2,eaqe,8,未審核,,,,,,,,否（待審）,
PX-4E6BEA21ACE7449E,1,eaqe|sqe,2,未審核,,,,,,,,否（待審）,
PX-4EF76931EF1F4B31,1,eaqe,8,未審核,,,,,,,,否（待審）,
PX-4F74B33E72FE4F24,1,eaqe|sqe,4,未審核,,,,,,,,否（待審）,
PX-4FA6217E6C65431C,1,eaqe|sqe,3,未審核,,,,,,,,否（待審）,
PX-508628FDB1D64A82,1,eaqe|sqe,3,未審核,,,,,,,,否（待審）,
PX-519D1B7DB7D04CFA,1,eaqe|sqe,1,未審核,,,,,,,,否（待審）,
PX-5272AEA051F4482E,1,eaqe|sqe,3,未審核,,,,,,,,否（待審）,
PX-535ECF5EE14C4ED4,2,eaqe|sqe,2,未審核,,,,,,,,否（待審）,
PX-5464CB99FE2F408D,1,eaqe|sqe,5,未審核,,,,,,,,否（待審）,
PX-54D7022C91124E7F,1,eaqe|sqe,7,未審核,,,,,,,,否（待審）,
PX-552405E87B4740AB,2,eaqe|sqe,4,未審核,,,,,,,,否（待審）,
PX-55B64A402CA745D8,1,eaqe|sqe,2,未審核,,,,,,,,否（待審）,
PX-5609794A3FDC4868,1,eaqe|sqe,3,未審核,,,,,,,,否（待審）,
PX-56BA0CE1304D49C9,1,eaqe|sqe,3,未審核,,,,,,,,否（待審）,
PX-571B6F1E07574A11,1,eaqe|sqe,3,未審核,,,,,,,,否（待審）,
PX-575A7E42F27E47F6,1,eaqe|sqe,2,未審核,,,,,,,,否（待審）,
PX-57699BD7601A4972,1,eaqe|sqe,2,未審核,,,,,,,,否（待審）,
PX-57908741B12A4621,1,eaqe|sqe,4,未審核,,,,,,,,否（待審）,
PX-579E2C078A334DCA,1,eaqe|sqe,5,未審核,,,,,,,,否（待審）,
PX-5802A89A894C40AC,1,eaqe|sqe,3,未審核,,,,,,,,否（待審）,
PX-584ED0D3D05F4B38,1,eaqe|sqe,2,未審核,,,,,,,,否（待審）,
PX-585F354623F9465F,1,eaqe|sqe,4,未審核,,,,,,,,否（待審）,
PX-587DFA8319174C6C,1,eaqe|sqe,2,未審核,,,,,,,,否（待審）,
PX-59C7B2D128D64369,2,eaqe|sqe,3,未審核,,,,,,,,否（待審）,
PX-5A69B63DED524764,2,eaqe|sqe,2,未審核,,,,,,,,否（待審）,
PX-5B11988C27A34DAC,1,eaqe|sqe,7,未審核,,,,,,,,否（待審）,
PX-5CA4B1812A134309,1,eaqe|sqe,2,未審核,,,,,,,,否（待審）,
PX-5D4A59647D7348A9,2,eaqe,8,未審核,,,,,,,,否（待審）,
PX-5EF7A19A694D4608,1,eaqe,8,未審核,,,,,,,,否（待審）,
PX-5F4E0C0CF1C64245,1,eaqe|sqe,2,未審核,,,,,,,,否（待審）,
PX-5F678A8AB7124DB4,1,eaqe|sqe,5,未審核,,,,,,,,否（待審）,
PX-61AF20A4609640E7,1,eaqe|sqe,3,未審核,,,,,,,,否（待審）,
PX-61D8CA8DBBBE4DD4,2,eaqe,8,未審核,,,,,,,,否（待審）,
PX-61FF9B6C6C91436B,1,eaqe|sqe,7,未審核,,,,,,,,否（待審）,
PX-62CD7A620C7340D5,1,eaqe|sqe,4,未審核,,,,,,,,否（待審）,
PX-6343DB66A46F4CCF,1,eaqe|sqe,7,未審核,,,,,,,,否（待審）,
PX-63678AEBB2CB4A86,1,eaqe|sqe,4,未審核,,,,,,,,否（待審）,
PX-64240A9D6686443A,1,eaqe|sqe,5,未審核,,,,,,,,否（待審）,
PX-64A478E063744E2A,1,eaqe|sqe,4,未審核,,,,,,,,否（待審）,
PX-651661AC4D76426E,1,eaqe|sqe,3,未審核,,,,,,,,否（待審）,
PX-65230789EADB42B7,2,eaqe,8,未審核,,,,,,,,否（待審）,
PX-65E95D8D03A34A77,1,eaqe|sqe,2,未審核,,,,,,,,否（待審）,
PX-6620D74BC97045C9,1,eaqe|sqe,3,未審核,,,,,,,,否（待審）,
PX-674151D5626D4B3B,1,eaqe|sqe,4,未審核,,,,,,,,否（待審）,
PX-67643FFFECF348CD,1,eaqe|sqe,2,未審核,,,,,,,,否（待審）,
PX-678A7A9CAB1F40CA,1,eaqe|sqe,2,未審核,,,,,,,,否（待審）,
PX-678FE7C78CE64FCE,1,eaqe|sqe,4,未審核,,,,,,,,否（待審）,
PX-67EC20D912BB42CC,1,eaqe|sqe,7,未審核,,,,,,,,否（待審）,
PX-691B362C42064065,1,eaqe|sqe,3,未審核,,,,,,,,否（待審）,
PX-6928CFC2E9524C01,1,eaqe|sqe,7,未審核,,,,,,,,否（待審）,
PX-698588630F9147D1,1,eaqe|sqe,2,未審核,,,,,,,,否（待審）,
PX-69AB6E4EA4F34BF1,1,eaqe|sqe,2,未審核,,,,,,,,否（待審）,
PX-6B4C63170F6F42DF,1,eaqe|sqe,5,未審核,,,,,,,,否（待審）,
PX-6B598EF3D672403D,2,eaqe|sqe,2,未審核,,,,,,,,否（待審）,
PX-6B7CD3D2979448E9,1,eaqe|sqe,2,未審核,,,,,,,,否（待審）,
PX-6C05F72BF356427C,2,eaqe,8,未審核,,,,,,,,否（待審）,
PX-6C22785CF2EA4126,1,eaqe|sqe,5,未審核,,,,,,,,否（待審）,
PX-6C5A301CA17041EE,1,eaqe|sqe,3,未審核,,,,,,,,否（待審）,
PX-6C5FA1CE893548B0,2,eaqe,8,未審核,,,,,,,,否（待審）,
PX-6C7DA5A69BB64A69,1,eaqe|sqe,2,未審核,,,,,,,,否（待審）,
PX-6C930D95B49149EB,1,eaqe|sqe,4,未審核,,,,,,,,否（待審）,
PX-6D62AC2E894A4545,1,eaqe|sqe,4,未審核,,,,,,,,否（待審）,
PX-6DE303B9CC78414B,1,eaqe|sqe,4,未審核,,,,,,,,否（待審）,
PX-6E1CA55C5B584A8E,2,eaqe|sqe,3,未審核,,,,,,,,否（待審）,
PX-6E56E2B0EF48485D,1,eaqe|sqe,5,未審核,,,,,,,,否（待審）,
PX-6E8656E1B193459E,1,eaqe|sqe,3,未審核,,,,,,,,否（待審）,
PX-6F5E294A74E84396,1,eaqe|sqe,2,未審核,,,,,,,,否（待審）,
PX-6F8201FEF0B6420D,1,eaqe|sqe,3,未審核,,,,,,,,否（待審）,
PX-6FB5A3AA6F054803,1,eaqe|sqe,7,未審核,,,,,,,,否（待審）,
PX-6FDCF91441B94573,1,eaqe|sqe,3,未審核,,,,,,,,否（待審）,
PX-731C16861C924914,2,eaqe|sqe,3,未審核,,,,,,,,否（待審）,
PX-73698E6467A74E6B,1,eaqe|sqe,3,未審核,,,,,,,,否（待審）,
PX-73934D04EDF64DB4,1,eaqe|sqe,2,未審核,,,,,,,,否（待審）,
PX-74BD2E6A8B4B4295,2,eaqe|sqe,7,未審核,,,,,,,,否（待審）,
PX-75E3747996D94EE4,1,eaqe|sqe,3,未審核,,,,,,,,否（待審）,
PX-7679587672584AD3,1,eaqe|sqe,3,未審核,,,,,,,,否（待審）,
PX-770F9247F756475D,1,eaqe|sqe,2,未審核,,,,,,,,否（待審）,
PX-775BFB8DCAFC4D2D,1,eaqe|sqe,7,未審核,,,,,,,,否（待審）,
PX-778E83CEC0E24BDD,1,eaqe|sqe,2,未審核,,,,,,,,否（待審）,
PX-78B477479ACA431C,2,eaqe|sqe,2,未審核,,,,,,,,否（待審）,
PX-7A1EB6E8FAD24837,1,eaqe|sqe,2,未審核,,,,,,,,否（待審）,
PX-7A9EFAD0DC4F4CFE,1,eaqe|sqe,4,未審核,,,,,,,,否（待審）,
PX-7B3E5950E0284162,1,eaqe|sqe,2,未審核,,,,,,,,否（待審）,
PX-7B4A8588141E4A38,1,eaqe|sqe,2,未審核,,,,,,,,否（待審）,
PX-7BD5E4071FA24020,1,eaqe|sqe,3,未審核,,,,,,,,否（待審）,
PX-7DBF784F872C4F72,1,eaqe|sqe,2,未審核,,,,,,,,否（待審）,
PX-7F29705ECE0C4C64,1,eaqe|sqe,4,未審核,,,,,,,,否（待審）,
PX-7F65DBDC79804CC7,1,eaqe|sqe,2,未審核,,,,,,,,否（待審）,
PX-7F752250A5C94166,1,eaqe|sqe,2,未審核,,,,,,,,否（待審）,
PX-812D2F006E6649A3,1,eaqe|sqe,3,未審核,,,,,,,,否（待審）,
PX-81783101B3CE4302,1,eaqe|sqe,3,未審核,,,,,,,,否（待審）,
PX-8179BCBAC0DD49F5,2,eaqe|sqe,2,未審核,,,,,,,,否（待審）,
PX-8182B7F2556D4AAE,1,eaqe|sqe,2,未審核,,,,,,,,否（待審）,
PX-81CE2342568C4672,2,eaqe|sqe,7,未審核,,,,,,,,否（待審）,
PX-826744143AAC4DA3,1,eaqe|sqe,2,未審核,,,,,,,,否（待審）,
PX-82EF70B7B0D24EAC,1,eaqe|sqe,2,未審核,,,,,,,,否（待審）,
PX-83A6A13329D34475,2,eaqe|sqe,3,未審核,,,,,,,,否（待審）,
PX-843C4BC6021D4110,1,eaqe,8,未審核,,,,,,,,否（待審）,
PX-8543496A7DD045AE,1,eaqe|sqe,1,未審核,,,,,,,,否（待審）,
PX-85A9F9DB143943C8,1,eaqe|sqe,2,未審核,,,,,,,,否（待審）,
PX-85FE0C917794472C,1,eaqe|sqe,2,未審核,,,,,,,,否（待審）,
PX-86979F5675B744F3,1,eaqe|sqe,4,未審核,,,,,,,,否（待審）,
PX-882BC90C4EC44EA9,1,eaqe|sqe,5,未審核,,,,,,,,否（待審）,
PX-885520F7BDE64A9C,1,eaqe|sqe,5,未審核,,,,,,,,否（待審）,
PX-88F5D4A83D7442B0,1,eaqe,6,未審核,,,,,,,,否（待審）,
PX-890DC875DDA244FC,1,eaqe|sqe,3,未審核,,,,,,,,否（待審）,
PX-891527D4B32643A8,1,eaqe|sqe,7,未審核,,,,,,,,否（待審）,
PX-894B826C5DB84502,1,eaqe|sqe,4,未審核,,,,,,,,否（待審）,
PX-89A5EEE264EB4D34,2,eaqe|sqe,2,未審核,,,,,,,,否（待審）,
PX-8A3B40A91F024CA4,1,eaqe|sqe,4,未審核,,,,,,,,否（待審）,
PX-8ABE9430ADA14E25,2,eaqe|sqe,3,未審核,,,,,,,,否（待審）,
PX-8B25F55FFCCE4EEA,1,eaqe|sqe,2,未審核,,,,,,,,否（待審）,
PX-8C1971B8D03443B6,1,eaqe,8,未審核,,,,,,,,否（待審）,
PX-8E00A272DC7348B0,1,eaqe|sqe,3,未審核,,,,,,,,否（待審）,
PX-8ECE8B0358FB4AAE,1,eaqe|sqe,4,未審核,,,,,,,,否（待審）,
PX-8F3CEFE6FB7646C1,1,eaqe|sqe,3,未審核,,,,,,,,否（待審）,
PX-8F4F8D8960784415,1,eaqe|sqe,2,未審核,,,,,,,,否（待審）,
PX-90DBB62374644F3E,1,eaqe|sqe,4,未審核,,,,,,,,否（待審）,
PX-915C2205ECF04A40,1,eaqe|sqe,3,未審核,,,,,,,,否（待審）,
PX-91884089141A4ACC,1,eaqe,6,未審核,,,,,,,,否（待審）,
PX-921CDE2AAA574C63,2,eaqe|sqe,1,未審核,,,,,,,,否（待審）,
PX-924CCDF0CACB4C27,1,eaqe|sqe,3,未審核,,,,,,,,否（待審）,
PX-928BEA0BBAB44711,1,eaqe|sqe,3,未審核,,,,,,,,否（待審）,
PX-93BB3A17FA9E41FE,2,eaqe|sqe,4,未審核,,,,,,,,否（待審）,
PX-93EFFF0057944D32,2,eaqe|sqe,2,未審核,,,,,,,,否（待審）,
PX-9408C2701F164073,1,eaqe|sqe,2,未審核,,,,,,,,否（待審）,
PX-9438E9E130654D2F,1,eaqe|sqe,2,未審核,,,,,,,,否（待審）,
PX-954AD6E8F640480C,1,eaqe|sqe,2,未審核,,,,,,,,否（待審）,
PX-957326D6F64E4112,1,eaqe|sqe,7,未審核,,,,,,,,否（待審）,
PX-962B61200BE24AFF,2,eaqe|sqe,1,未審核,,,,,,,,否（待審）,
PX-9657D7AA4FFA4FBE,1,eaqe|sqe,3,未審核,,,,,,,,否（待審）,
PX-965A097105AD4008,1,eaqe|sqe,2,未審核,,,,,,,,否（待審）,
PX-970092F050D246C2,1,eaqe|sqe,4,未審核,,,,,,,,否（待審）,
PX-9856897C96E748C8,1,eaqe|sqe,2,未審核,,,,,,,,否（待審）,
PX-9899E35D10E546F7,1,eaqe|sqe,3,未審核,,,,,,,,否（待審）,
PX-992DB01DE27E47B9,2,eaqe|sqe,1,未審核,,,,,,,,否（待審）,
PX-99C83860C1754339,1,eaqe,8,未審核,,,,,,,,否（待審）,
PX-9A5B0C73BFF04C07,1,eaqe,8,未審核,,,,,,,,否（待審）,
PX-9AAD7812DC9A4554,1,eaqe|sqe,4,未審核,,,,,,,,否（待審）,
PX-9C9B1A3FCBD94BD5,1,eaqe|sqe,2,未審核,,,,,,,,否（待審）,
PX-9D39B0A2199E4801,1,eaqe|sqe,2,未審核,,,,,,,,否（待審）,
PX-9D799EE401934287,1,eaqe|sqe,2,未審核,,,,,,,,否（待審）,
PX-9DB4FA35C804457D,1,eaqe|sqe,1,未審核,,,,,,,,否（待審）,
PX-9E08BF311283476C,1,eaqe|sqe,1,未審核,,,,,,,,否（待審）,
PX-9E69644308584489,1,eaqe|sqe,2,未審核,,,,,,,,否（待審）,
PX-9F3A49DC89E24E3C,1,eaqe|sqe,7,未審核,,,,,,,,否（待審）,
PX-A002A0E2D6244798,1,eaqe|sqe,5,未審核,,,,,,,,否（待審）,
PX-A015D2E3EFE247D5,1,eaqe|sqe,2,未審核,,,,,,,,否（待審）,
PX-A03230D418004855,1,eaqe|sqe,2,未審核,,,,,,,,否（待審）,
PX-A119585D22584082,1,eaqe|sqe,2,未審核,,,,,,,,否（待審）,
PX-A15C4832E6D54E87,1,eaqe|sqe,2,未審核,,,,,,,,否（待審）,
PX-A2B11A645DF44D04,2,eaqe|sqe,2,未審核,,,,,,,,否（待審）,
PX-A2D8D75A65EB46F6,1,eaqe|sqe,2,未審核,,,,,,,,否（待審）,
PX-A31680701068490F,1,eaqe|sqe,7,未審核,,,,,,,,否（待審）,
PX-A31C1EC0AAD24CF8,1,eaqe|sqe,4,未審核,,,,,,,,否（待審）,
PX-A333293320D34303,1,eaqe|sqe,3,未審核,,,,,,,,否（待審）,
PX-A3605689CC0C4B32,1,eaqe|sqe,4,未審核,,,,,,,,否（待審）,
PX-A3853DAE079246F0,1,eaqe|sqe,3,未審核,,,,,,,,否（待審）,
PX-A58F4526A1D443FD,1,eaqe|sqe,3,未審核,,,,,,,,否（待審）,
PX-A61961D1505B406C,1,eaqe|sqe,5,未審核,,,,,,,,否（待審）,
PX-A65898051CB042D0,1,eaqe|sqe,4,未審核,,,,,,,,否（待審）,
PX-A6B9D570E4084644,1,eaqe|sqe,5,未審核,,,,,,,,否（待審）,
PX-A7CC9CDFC84D4627,1,eaqe|sqe,4,未審核,,,,,,,,否（待審）,
PX-A894892FEC0447D4,1,eaqe|sqe,2,未審核,,,,,,,,否（待審）,
PX-A9236FC937D84B68,2,eaqe|sqe,5,未審核,,,,,,,,否（待審）,
PX-AA3C9210234C4B72,2,eaqe|sqe,1,未審核,,,,,,,,否（待審）,
PX-AB08A8C06D3B4196,1,eaqe|sqe,3,未審核,,,,,,,,否（待審）,
PX-AB14FE19B8654DB6,1,eaqe|sqe,7,未審核,,,,,,,,否（待審）,
PX-AB5C0AD4EE554D56,2,eaqe|sqe,3,未審核,,,,,,,,否（待審）,
PX-ABF811CFFCA94160,1,eaqe|sqe,5,未審核,,,,,,,,否（待審）,
PX-AC63CA5FFB594D0D,1,eaqe|sqe,2,未審核,,,,,,,,否（待審）,
PX-AD89AC483BA741C4,1,eaqe|sqe,2,未審核,,,,,,,,否（待審）,
PX-ADD2D35A7A964FE5,1,eaqe|sqe,3,未審核,,,,,,,,否（待審）,
PX-AFAD90686D314026,1,eaqe|sqe,4,未審核,,,,,,,,否（待審）,
PX-AFC353CC1B18444F,1,eaqe,6,未審核,,,,,,,,否（待審）,
PX-B0169EEEB97D4D8E,1,eaqe|sqe,2,未審核,,,,,,,,否（待審）,
PX-B027B89BC99E4914,1,eaqe|sqe,2,未審核,,,,,,,,否（待審）,
PX-B0A37585921048CE,1,eaqe|sqe,3,未審核,,,,,,,,否（待審）,
PX-B0EA19D88FC14468,1,eaqe|sqe,2,未審核,,,,,,,,否（待審）,
PX-B148DEB53D974EEA,1,eaqe,6,未審核,,,,,,,,否（待審）,
PX-B17BBF1AD9984D2D,2,eaqe,8,未審核,,,,,,,,否（待審）,
PX-B281B96491A64036,1,eaqe|sqe,2,未審核,,,,,,,,否（待審）,
PX-B2A35E68CF564855,1,eaqe,6,未審核,,,,,,,,否（待審）,
PX-B3BF929D99894993,2,eaqe|sqe,3,未審核,,,,,,,,否（待審）,
PX-B3F8BCC6A2204DE3,1,eaqe|sqe,4,未審核,,,,,,,,否（待審）,
PX-B3F8D1A370C54A9C,1,eaqe|sqe,2,未審核,,,,,,,,否（待審）,
PX-B409C17B68C5420A,2,eaqe|sqe,1,未審核,,,,,,,,否（待審）,
PX-B4B29396885C42AD,2,eaqe|sqe,2,未審核,,,,,,,,否（待審）,
PX-B4C19BFA1BBB4F92,1,eaqe|sqe,1,未審核,,,,,,,,否（待審）,
PX-B599F13C874A4DB7,1,eaqe|sqe,4,未審核,,,,,,,,否（待審）,
PX-B614760959744595,1,eaqe|sqe,5,未審核,,,,,,,,否（待審）,
PX-B7032C65BA6048B0,1,eaqe|sqe,3,未審核,,,,,,,,否（待審）,
PX-B853FB2D64144C10,1,eaqe|sqe,2,未審核,,,,,,,,否（待審）,
PX-B870527CB6EC4E46,1,eaqe|sqe,7,未審核,,,,,,,,否（待審）,
PX-B8EB4CD7D7424BC2,1,eaqe|sqe,2,未審核,,,,,,,,否（待審）,
PX-B962996F9AFC464E,1,eaqe|sqe,2,未審核,,,,,,,,否（待審）,
PX-B984D9F053E14140,1,eaqe|sqe,2,未審核,,,,,,,,否（待審）,
PX-B99B5787A8DD4E24,1,eaqe|sqe,3,未審核,,,,,,,,否（待審）,
PX-B9ABE87D9DE348B7,1,eaqe|sqe,2,未審核,,,,,,,,否（待審）,
PX-B9FFFF673E8B445A,1,eaqe|sqe,2,未審核,,,,,,,,否（待審）,
PX-BC46BBC8802743B1,1,eaqe|sqe,3,未審核,,,,,,,,否（待審）,
PX-BC7D452006EC46E7,1,eaqe|sqe,3,未審核,,,,,,,,否（待審）,
PX-BD952E114C384122,1,eaqe|sqe,2,未審核,,,,,,,,否（待審）,
PX-BEAD2CA352F04C74,1,eaqe|sqe,3,未審核,,,,,,,,否（待審）,
PX-BEC0033DF74A41C6,1,eaqe|sqe,3,未審核,,,,,,,,否（待審）,
PX-BF66B3A9DE0C41B6,1,eaqe|sqe,3,未審核,,,,,,,,否（待審）,
PX-BFA95029AD13409D,2,eaqe|sqe,1,未審核,,,,,,,,否（待審）,
PX-BFF97D7F00AB4A9F,2,eaqe|sqe,4,未審核,,,,,,,,否（待審）,
PX-C069EA592C944B45,1,eaqe|sqe,2,未審核,,,,,,,,否（待審）,
PX-C0CC52421574425C,1,eaqe|sqe,3,未審核,,,,,,,,否（待審）,
PX-C1437C21E2984E9C,1,eaqe|sqe,2,未審核,,,,,,,,否（待審）,
PX-C186E7C7AB864F5A,1,eaqe|sqe,3,未審核,,,,,,,,否（待審）,
PX-C1E69C0FEFCC44AC,1,eaqe|sqe,2,未審核,,,,,,,,否（待審）,
PX-C235BCBBB32049E0,1,eaqe|sqe,5,未審核,,,,,,,,否（待審）,
PX-C2A603B0BA7F47BC,1,eaqe|sqe,3,未審核,,,,,,,,否（待審）,
PX-C3543B7FBFB740F4,1,eaqe|sqe,2,未審核,,,,,,,,否（待審）,
PX-C39D73FACC7F4C4B,1,eaqe|sqe,5,未審核,,,,,,,,否（待審）,
PX-C3E9FBEDD26E46E0,1,eaqe|sqe,2,未審核,,,,,,,,否（待審）,
PX-C47F81DA89E840B7,1,eaqe|sqe,2,未審核,,,,,,,,否（待審）,
PX-C494B9C033394E4A,1,eaqe|sqe,3,未審核,,,,,,,,否（待審）,
PX-C5963410CBA8472F,2,eaqe|sqe,7,未審核,,,,,,,,否（待審）,
PX-C61A0D7441384665,2,eaqe,8,未審核,,,,,,,,否（待審）,
PX-C63AADB5568A422F,1,eaqe|sqe,2,未審核,,,,,,,,否（待審）,
PX-C7FEB9E81B2F42F0,1,eaqe|sqe,2,未審核,,,,,,,,否（待審）,
PX-C82CE8A723C548B9,1,eaqe|sqe,3,未審核,,,,,,,,否（待審）,
PX-C886398ACB3F429B,1,eaqe|sqe,3,未審核,,,,,,,,否（待審）,
PX-C9DF8F63BAA64CBF,1,eaqe|sqe,5,未審核,,,,,,,,否（待審）,
PX-CA4151DC6DA341DA,1,eaqe|sqe,2,未審核,,,,,,,,否（待審）,
PX-CAC332C3789D4D09,1,eaqe|sqe,2,未審核,,,,,,,,否（待審）,
PX-CB33D17CAD284FB9,1,eaqe|sqe,2,未審核,,,,,,,,否（待審）,
PX-CB88EC3ADC854B90,2,eaqe|sqe,3,未審核,,,,,,,,否（待審）,
PX-CC09389DF0CA4231,1,eaqe|sqe,3,未審核,,,,,,,,否（待審）,
PX-CF124377AB624989,1,eaqe|sqe,7,未審核,,,,,,,,否（待審）,
PX-D0E3F0ECDB6C4BBF,1,eaqe|sqe,2,未審核,,,,,,,,否（待審）,
PX-D12DB1B5260D45FF,1,eaqe|sqe,2,未審核,,,,,,,,否（待審）,
PX-D139F4CD3DB14EC1,1,eaqe|sqe,5,未審核,,,,,,,,否（待審）,
PX-D17D05055B354C90,1,eaqe|sqe,7,未審核,,,,,,,,否（待審）,
PX-D19B192EDA1C4397,1,eaqe|sqe,2,未審核,,,,,,,,否（待審）,
PX-D2AB0BC7F62D46F2,2,eaqe|sqe,3,未審核,,,,,,,,否（待審）,
PX-D3AD9757E43F491E,1,eaqe|sqe,2,未審核,,,,,,,,否（待審）,
PX-D456CEF7AF674DCC,1,eaqe|sqe,4,未審核,,,,,,,,否（待審）,
PX-D491C0EBE57E4369,1,eaqe|sqe,2,未審核,,,,,,,,否（待審）,
PX-D5772FBF2F144C65,1,eaqe|sqe,5,未審核,,,,,,,,否（待審）,
PX-D58A104F553640F7,1,eaqe|sqe,4,未審核,,,,,,,,否（待審）,
PX-D667B1A67FD742D5,1,eaqe|sqe,5,未審核,,,,,,,,否（待審）,
PX-D66EE1603F1F44B0,1,eaqe|sqe,7,未審核,,,,,,,,否（待審）,
PX-D80B136CDB8C4302,1,eaqe|sqe,2,未審核,,,,,,,,否（待審）,
PX-D80C65386E9A4D03,1,eaqe|sqe,2,未審核,,,,,,,,否（待審）,
PX-D82338A5FBEE437F,1,eaqe|sqe,3,未審核,,,,,,,,否（待審）,
PX-D86DCE68F4F44F8D,1,eaqe,6,未審核,,,,,,,,否（待審）,
PX-D8DF7C4A6FD14FB1,1,eaqe|sqe,3,未審核,,,,,,,,否（待審）,
PX-D9B2B1259A4243C1,2,eaqe|sqe,3,未審核,,,,,,,,否（待審）,
PX-D9F42456CFCF49E8,1,eaqe|sqe,2,未審核,,,,,,,,否（待審）,
PX-DA1605131B734B4B,2,eaqe|sqe,3,未審核,,,,,,,,否（待審）,
PX-DA8234F102874F71,1,eaqe|sqe,5,未審核,,,,,,,,否（待審）,
PX-DA92BB9411674063,1,eaqe|sqe,3,未審核,,,,,,,,否（待審）,
PX-DAA014ED2C1E4A2E,1,eaqe|sqe,2,未審核,,,,,,,,否（待審）,
PX-DC97FE1A170042ED,1,eaqe|sqe,7,未審核,,,,,,,,否（待審）,
PX-DCCAC02B7E744D03,1,eaqe|sqe,2,未審核,,,,,,,,否（待審）,
PX-DD05FF147AF44FF3,1,eaqe,6,未審核,,,,,,,,否（待審）,
PX-DDA9C882C3B44503,1,eaqe|sqe,4,未審核,,,,,,,,否（待審）,
PX-DE24C2012E384DB3,1,eaqe|sqe,4,未審核,,,,,,,,否（待審）,
PX-E0377D316862459E,1,eaqe|sqe,5,未審核,,,,,,,,否（待審）,
PX-E05D145D0BA24EBD,2,eaqe|sqe,2,未審核,,,,,,,,否（待審）,
PX-E0B1050766CC4DEF,1,eaqe|sqe,2,未審核,,,,,,,,否（待審）,
PX-E1C2C7FC2E824DD6,1,eaqe|sqe,2,未審核,,,,,,,,否（待審）,
PX-E244CB3AA40C48DA,1,eaqe|sqe,2,未審核,,,,,,,,否（待審）,
PX-E27CA6C20C064CF1,1,eaqe|sqe,2,未審核,,,,,,,,否（待審）,
PX-E2F41A812EEF41AC,1,eaqe|sqe,1,未審核,,,,,,,,否（待審）,
PX-E3F172C1A4BF45C5,1,eaqe|sqe,2,未審核,,,,,,,,否（待審）,
PX-E3FCC76B63D14DEE,1,eaqe|sqe,3,未審核,,,,,,,,否（待審）,
PX-E45D1EBA85CB4C7B,1,eaqe|sqe,3,未審核,,,,,,,,否（待審）,
PX-E4675DB598D74DEF,1,eaqe|sqe,3,未審核,,,,,,,,否（待審）,
PX-E4F04DEFF07145E6,1,eaqe|sqe,2,未審核,,,,,,,,否（待審）,
PX-E54740BD9C0541FD,1,eaqe|sqe,3,未審核,,,,,,,,否（待審）,
PX-E57C89E605094E34,2,eaqe|sqe,4,未審核,,,,,,,,否（待審）,
PX-E600F149371F484C,2,eaqe|sqe,3,未審核,,,,,,,,否（待審）,
PX-E6F2A413EF404C7C,1,eaqe|sqe,2,未審核,,,,,,,,否（待審）,
PX-E6FD7948FE774A0E,1,eaqe|sqe,2,未審核,,,,,,,,否（待審）,
PX-E7565DBA069540F1,2,eaqe|sqe,3,未審核,,,,,,,,否（待審）,
PX-E76022EB689B43F5,1,eaqe|sqe,3,未審核,,,,,,,,否（待審）,
PX-E78B6DEF49DA4FAD,1,eaqe|sqe,1,未審核,,,,,,,,否（待審）,
PX-E9351E1FC56D4D81,1,eaqe|sqe,2,未審核,,,,,,,,否（待審）,
PX-E9B65D53FDD546DD,1,eaqe|sqe,2,未審核,,,,,,,,否（待審）,
PX-E9DA7F6419554D5A,2,eaqe|sqe,2,未審核,,,,,,,,否（待審）,
PX-EB9D7EA8AD594CCE,2,eaqe|sqe,2,未審核,,,,,,,,否（待審）,
PX-EC174DF045674208,1,eaqe,8,未審核,,,,,,,,否（待審）,
PX-EC2F0736B07645EB,1,eaqe|sqe,5,未審核,,,,,,,,否（待審）,
PX-EC3F1241751C4A80,1,eaqe|sqe,3,未審核,,,,,,,,否（待審）,
PX-EC3FA7392ABD4043,1,eaqe|sqe,7,未審核,,,,,,,,否（待審）,
PX-ED77D89589024AF7,1,eaqe|sqe,2,未審核,,,,,,,,否（待審）,
PX-EE30215B6E79401D,1,eaqe|sqe,3,未審核,,,,,,,,否（待審）,
PX-EF49EA4118B046FB,1,eaqe|sqe,2,未審核,,,,,,,,否（待審）,
PX-EFA2EE3C1EFE4B96,1,eaqe|sqe,2,未審核,,,,,,,,否（待審）,
PX-EFDA93A50BAB49C8,2,eaqe|sqe,7,未審核,,,,,,,,否（待審）,
PX-EFDB90FE15BA4206,1,eaqe|sqe,5,未審核,,,,,,,,否（待審）,
PX-EFF4EE1FC8C44954,1,eaqe|sqe,2,未審核,,,,,,,,否（待審）,
PX-F05CC29EE5B64EEA,1,eaqe|sqe,7,未審核,,,,,,,,否（待審）,
PX-F09658A9206C40EF,1,eaqe|sqe,4,未審核,,,,,,,,否（待審）,
PX-F2C3742573E14018,1,eaqe|sqe,2,未審核,,,,,,,,否（待審）,
PX-F323039DB4584E24,1,eaqe|sqe,4,未審核,,,,,,,,否（待審）,
PX-F39AE4E062AD46EF,1,eaqe|sqe,1,未審核,,,,,,,,否（待審）,
PX-F3ACFB4432694674,1,eaqe,6,未審核,,,,,,,,否（待審）,
PX-F3BADB21B3544272,1,eaqe|sqe,5,未審核,,,,,,,,否（待審）,
PX-F44BCC98FF99489C,1,eaqe,6,未審核,,,,,,,,否（待審）,
PX-F46C9C232CF848DB,1,eaqe|sqe,4,未審核,,,,,,,,否（待審）,
PX-F48B130C6B984CD4,1,eaqe|sqe,1,未審核,,,,,,,,否（待審）,
PX-F4C9F7D1E3DD4BFD,1,eaqe,6,未審核,,,,,,,,否（待審）,
PX-F5374379AFD94162,1,eaqe|sqe,7,未審核,,,,,,,,否（待審）,
PX-F55D4E0D42174DC0,2,eaqe|sqe,2,未審核,,,,,,,,否（待審）,
PX-F61E217B96644AA0,1,eaqe|sqe,3,未審核,,,,,,,,否（待審）,
PX-F6A759DAFD3B4843,1,eaqe|sqe,4,未審核,,,,,,,,否（待審）,
PX-F6F11FE1D9E14CE0,1,eaqe|sqe,2,未審核,,,,,,,,否（待審）,
PX-F75723A1D76C483E,2,eaqe|sqe,2,未審核,,,,,,,,否（待審）,
PX-F7DF720699C34184,1,eaqe|sqe,4,未審核,,,,,,,,否（待審）,
PX-F7EAA77049C34425,1,eaqe|sqe,2,未審核,,,,,,,,否（待審）,
PX-F81B5A9723434455,2,eaqe,8,未審核,,,,,,,,否（待審）,
PX-F83B9F1DD0204668,1,eaqe|sqe,3,未審核,,,,,,,,否（待審）,
PX-F8F8471F37DE45F9,1,eaqe|sqe,2,未審核,,,,,,,,否（待審）,
PX-F964549674B1471D,1,eaqe|sqe,7,未審核,,,,,,,,否（待審）,
PX-F9F40EF9399F41D4,1,eaqe|sqe,2,未審核,,,,,,,,否（待審）,
PX-FA8AB93D3A194C55,1,eaqe|sqe,2,未審核,,,,,,,,否（待審）,
PX-FB658C0089FE4F56,1,eaqe|sqe,2,未審核,,,,,,,,否（待審）,
PX-FC3CD74FD24A457D,1,eaqe|sqe,3,未審核,,,,,,,,否（待審）,
PX-FD00D6C6EB9F4814,1,eaqe|sqe,3,未審核,,,,,,,,否（待審）,
PX-FD03373025554D99,1,eaqe|sqe,7,未審核,,,,,,,,否（待審）,
PX-FD4F28E690064302,1,eaqe|sqe,7,未審核,,,,,,,,否（待審）,
PX-FDC5F0A259F54355,1,eaqe,8,未審核,,,,,,,,否（待審）,
PX-FEE4343178B74E01,1,eaqe|sqe,4,未審核,,,,,,,,否（待審）,
